time,location_human_1,location_human_2,location_human_3,location_human_4,location_human_5,location_human_6,location_human_7,location_human_8,location_human_9,location_human_10,location_human_11,location_human_12,location_human_13,location_human_14,location_human_15,location_human_16,location_human_17,location_human_18,location_human_19,location_human_20,location_human_21,location_human_22,location_human_23,location_human_24,location_human_25,location_human_26,location_human_27,location_human_28,location_human_29,location_human_30,location_human_31,location_human_32,location_human_33,location_human_34,location_human_35,location_human_36,location_human_37,location_human_38,location_human_39,location_human_40,location_human_41,location_human_42,location_human_43,location_human_44,location_human_45,location_human_46,location_human_47,location_human_48,location_human_49,location_human_50
1,33,37,6,37,26,4,12,22,39,39,7,39,39,20,33,6,17,37,32,39,27,2,34,38,28,31,30,16,27,7,29,2,12,2,4,33,28,13,39,2,18,16,31,32,8,20,18,26,29,31
2,33,37,6,37,26,4,12,22,39,39,7,39,39,20,33,6,17,37,32,39,27,2,34,38,28,31,30,16,27,7,29,2,12,2,4,33,28,13,39,2,18,16,31,32,8,20,18,26,29,31
3,33,37,6,37,26,4,12,22,39,39,7,39,39,20,33,6,17,37,32,39,27,2,34,38,28,31,30,16,27,7,29,2,12,2,4,33,28,13,39,2,18,16,31,32,8,20,18,26,29,31
4,33,37,6,37,26,4,12,22,39,39,7,39,39,20,33,6,17,37,32,39,27,2,34,38,28,31,30,16,27,7,29,2,12,2,4,33,28,13,39,2,18,16,31,32,8,20,18,26,29,31
5,33,37,6,37,26,4,12,22,39,39,7,39,39,20,33,6,17,37,32,39,27,2,34,38,28,31,30,16,27,7,29,2,12,2,4,33,28,13,39,2,18,16,31,32,8,20,18,26,29,31
6,33,37,6,37,26,4,12,22,39,39,7,39,39,20,33,6,17,37,32,39,27,2,34,38,28,31,30,16,27,7,29,2,12,2,4,33,28,13,39,2,18,16,31,32,8,20,18,26,29,31
7,12,28,27,7,5,20,39,14,24,9,31,11,21,28,36,39,22,6,6,11,34,11,33,10,38,14,8,11,25,19,15,34,24,22,37,12,31,31,16,23,4,3,22,32,38,6,23,19,1,14
8,12,28,27,7,5,20,39,14,24,9,31,11,21,28,36,39,22,6,6,11,34,11,33,10,38,14,8,11,25,19,15,34,24,22,37,12,31,31,16,23,4,3,22,32,38,6,23,19,1,14
9,12,28,27,7,5,20,39,14,24,9,31,11,21,28,36,39,22,6,6,11,34,11,33,10,38,14,8,11,25,19,15,34,24,22,37,12,31,31,16,23,4,3,22,32,38,6,23,19,1,14
10,12,28,27,7,5,20,39,14,24,9,31,11,21,28,36,39,22,6,6,11,34,11,33,10,38,14,8,11,25,19,15,34,24,22,37,12,31,31,16,23,4,3,22,32,38,6,23,19,1,14
11,12,28,27,7,5,20,39,14,24,9,31,11,21,28,36,39,22,6,6,11,34,11,33,10,38,14,8,11,25,19,15,34,24,22,37,12,31,31,16,23,4,3,22,32,38,6,23,19,1,14
12,12,28,27,7,5,20,39,14,24,9,31,11,21,28,36,39,22,6,6,11,34,11,33,10,38,14,8,11,25,19,15,34,24,22,37,12,31,31,16,23,4,3,22,32,38,6,23,19,1,14
13,7,32,13,22,7,25,11,27,28,30,19,4,10,37,7,34,22,40,4,18,5,39,1,31,33,35,4,16,11,33,18,37,8,11,6,6,35,24,22,6,35,25,15,21,17,4,10,5,8,10
14,7,32,13,22,7,25,11,27,28,30,19,4,10,37,7,34,22,40,4,18,5,39,1,31,33,35,4,16,11,33,18,37,8,11,6,6,35,24,22,6,35,25,15,21,17,4,10,5,8,10
15,7,32,13,22,7,25,11,27,28,30,19,4,10,37,7,34,22,40,4,18,5,39,1,31,33,35,4,16,11,33,18,37,8,11,6,6,35,24,22,6,35,25,15,21,17,4,10,5,8,10
16,7,32,13,22,7,25,11,27,28,30,19,4,10,37,7,34,22,40,4,18,5,39,1,31,33,35,4,16,11,33,18,37,8,11,6,6,35,24,22,6,35,25,15,21,17,4,10,5,8,10
17,7,32,13,22,7,25,11,27,28,30,19,4,10,37,7,34,22,40,4,18,5,39,1,31,33,35,4,16,11,33,18,37,8,11,6,6,35,24,22,6,35,25,15,21,17,4,10,5,8,10
18,7,32,13,22,7,25,11,27,28,30,19,4,10,37,7,34,22,40,4,18,5,39,1,31,33,35,4,16,11,33,18,37,8,11,6,6,35,24,22,6,35,25,15,21,17,4,10,5,8,10
19,17,2,37,38,20,20,14,37,15,5,32,16,10,17,4,6,38,39,24,3,10,15,33,1,2,7,26,30,26,19,22,12,30,8,28,8,15,26,32,4,38,32,20,18,18,13,21,21,33,32
20,17,2,37,38,20,20,14,37,15,5,32,16,10,17,4,6,38,39,24,3,10,15,33,1,2,7,26,30,26,19,22,12,30,8,28,8,15,26,32,4,38,32,20,18,18,13,21,21,33,32
21,17,2,37,38,20,20,14,37,15,5,32,16,10,17,4,6,38,39,24,3,10,15,33,1,2,7,26,30,26,19,22,12,30,8,28,8,15,26,32,4,38,32,20,18,18,13,21,21,33,32
22,17,2,37,38,20,20,14,37,15,5,32,16,10,17,4,6,38,39,24,3,10,15,33,1,2,7,26,30,26,19,22,12,30,8,28,8,15,26,32,4,38,32,20,18,18,13,21,21,33,32
23,17,2,37,38,20,20,14,37,15,5,32,16,10,17,4,6,38,39,24,3,10,15,33,1,2,7,26,30,26,19,22,12,30,8,28,8,15,26,32,4,38,32,20,18,18,13,21,21,33,32
24,17,2,37,38,20,20,14,37,15,5,32,16,10,17,4,6,38,39,24,3,10,15,33,1,2,7,26,30,26,19,22,12,30,8,28,8,15,26,32,4,38,32,20,18,18,13,21,21,33,32
25,26,16,33,22,15,38,36,23,25,24,9,13,19,10,34,8,10,7,10,18,13,37,18,8,37,40,18,5,11,17,24,11,25,29,9,5,12,13,17,21,4,11,33,2,38,30,20,24,10,19
26,26,16,33,22,15,38,36,23,25,24,9,13,19,10,34,8,10,7,10,18,13,37,18,8,37,40,18,5,11,17,24,11,25,29,9,5,12,13,17,21,4,11,33,2,38,30,20,24,10,19
27,26,16,33,22,15,38,36,23,25,24,9,13,19,10,34,8,10,7,10,18,13,37,18,8,37,40,18,5,11,17,24,11,25,29,9,5,12,13,17,21,4,11,33,2,38,30,20,24,10,19
28,26,16,33,22,15,38,36,23,25,24,9,13,19,10,34,8,10,7,10,18,13,37,18,8,37,40,18,5,11,17,24,11,25,29,9,5,12,13,17,21,4,11,33,2,38,30,20,24,10,19
29,26,16,33,22,15,38,36,23,25,24,9,13,19,10,34,8,10,7,10,18,13,37,18,8,37,40,18,5,11,17,24,11,25,29,9,5,12,13,17,21,4,11,33,2,38,30,20,24,10,19
30,26,16,33,22,15,38,36,23,25,24,9,13,19,10,34,8,10,7,10,18,13,37,18,8,37,40,18,5,11,17,24,11,25,29,9,5,12,13,17,21,4,11,33,2,38,30,20,24,10,19
31,39,22,21,10,20,25,28,16,15,40,2,36,37,32,4,11,14,28,6,29,5,27,20,32,29,37,36,14,28,8,2,30,21,20,37,25,25,35,33,24,8,10,36,2,20,7,40,29,21,19
32,39,22,21,10,20,25,28,16,15,40,2,36,37,32,4,11,14,28,6,29,5,27,20,32,29,37,36,14,28,8,2,30,21,20,37,25,25,35,33,24,8,10,36,2,20,7,40,29,21,19
33,39,22,21,10,20,25,28,16,15,40,2,36,37,32,4,11,14,28,6,29,5,27,20,32,29,37,36,14,28,8,2,30,21,20,37,25,25,35,33,24,8,10,36,2,20,7,40,29,21,19
34,39,22,21,10,20,25,28,16,15,40,2,36,37,32,4,11,14,28,6,29,5,27,20,32,29,37,36,14,28,8,2,30,21,20,37,25,25,35,33,24,8,10,36,2,20,7,40,29,21,19
35,39,22,21,10,20,25,28,16,15,40,2,36,37,32,4,11,14,28,6,29,5,27,20,32,29,37,36,14,28,8,2,30,21,20,37,25,25,35,33,24,8,10,36,2,20,7,40,29,21,19
36,39,22,21,10,20,25,28,16,15,40,2,36,37,32,4,11,14,28,6,29,5,27,20,32,29,37,36,14,28,8,2,30,21,20,37,25,25,35,33,24,8,10,36,2,20,7,40,29,21,19
37,3,28,2,3,21,4,33,33,29,6,27,21,39,26,33,19,18,34,4,6,7,16,34,33,3,16,22,17,27,26,12,18,1,40,7,5,15,8,20,14,39,37,3,30,11,17,22,38,17,40
38,3,28,2,3,21,4,33,33,29,6,27,21,39,26,33,19,18,34,4,6,7,16,34,33,3,16,22,17,27,26,12,18,1,40,7,5,15,8,20,14,39,37,3,30,11,17,22,38,17,40
39,3,28,2,3,21,4,33,33,29,6,27,21,39,26,33,19,18,34,4,6,7,16,34,33,3,16,22,17,27,26,12,18,1,40,7,5,15,8,20,14,39,37,3,30,11,17,22,38,17,40
40,3,28,2,3,21,4,33,33,29,6,27,21,39,26,33,19,18,34,4,6,7,16,34,33,3,16,22,17,27,26,12,18,1,40,7,5,15,8,20,14,39,37,3,30,11,17,22,38,17,40
41,3,28,2,3,21,4,33,33,29,6,27,21,39,26,33,19,18,34,4,6,7,16,34,33,3,16,22,17,27,26,12,18,1,40,7,5,15,8,20,14,39,37,3,30,11,17,22,38,17,40
42,3,28,2,3,21,4,33,33,29,6,27,21,39,26,33,19,18,34,4,6,7,16,34,33,3,16,22,17,27,26,12,18,1,40,7,5,15,8,20,14,39,37,3,30,11,17,22,38,17,40
43,13,29,27,22,28,27,8,6,40,7,2,23,36,27,8,15,19,40,7,35,26,16,8,18,20,5,24,10,16,24,11,12,25,11,33,40,30,14,24,5,37,36,33,11,24,1,18,13,7,8
44,13,29,27,22,28,27,8,6,40,7,2,23,36,27,8,15,19,40,7,35,26,16,8,18,20,5,24,10,16,24,11,12,25,11,33,40,30,14,24,5,37,36,33,11,24,1,18,13,7,8
45,13,29,27,22,28,27,8,6,40,7,2,23,36,27,8,15,19,40,7,35,26,16,8,18,20,5,24,10,16,24,11,12,25,11,33,40,30,14,24,5,37,36,33,11,24,1,18,13,7,8
46,13,29,27,22,28,27,8,6,40,7,2,23,36,27,8,15,19,40,7,35,26,16,8,18,20,5,24,10,16,24,11,12,25,11,33,40,30,14,24,5,37,36,33,11,24,1,18,13,7,8
47,13,29,27,22,28,27,8,6,40,7,2,23,36,27,8,15,19,40,7,35,26,16,8,18,20,5,24,10,16,24,11,12,25,11,33,40,30,14,24,5,37,36,33,11,24,1,18,13,7,8
48,13,29,27,22,28,27,8,6,40,7,2,23,36,27,8,15,19,40,7,35,26,16,8,18,20,5,24,10,16,24,11,12,25,11,33,40,30,14,24,5,37,36,33,11,24,1,18,13,7,8
49,17,4,24,19,28,28,26,2,3,13,22,27,17,33,29,39,22,14,5,25,32,17,4,11,7,12,18,22,19,36,21,38,26,39,10,28,12,27,28,3,11,9,27,34,14,32,28,1,25,16
50,17,4,24,19,28,28,26,2,3,13,22,27,17,33,29,39,22,14,5,25,32,17,4,11,7,12,18,22,19,36,21,38,26,39,10,28,12,27,28,3,11,9,27,34,14,32,28,1,25,16
51,17,4,24,19,28,28,26,2,3,13,22,27,17,33,29,39,22,14,5,25,32,17,4,11,7,12,18,22,19,36,21,38,26,39,10,28,12,27,28,3,11,9,27,34,14,32,28,1,25,16
52,17,4,24,19,28,28,26,2,3,13,22,27,17,33,29,39,22,14,5,25,32,17,4,11,7,12,18,22,19,36,21,38,26,39,10,28,12,27,28,3,11,9,27,34,14,32,28,1,25,16
53,17,4,24,19,28,28,26,2,3,13,22,27,17,33,29,39,22,14,5,25,32,17,4,11,7,12,18,22,19,36,21,38,26,39,10,28,12,27,28,3,11,9,27,34,14,32,28,1,25,16
54,17,4,24,19,28,28,26,2,3,13,22,27,17,33,29,39,22,14,5,25,32,17,4,11,7,12,18,22,19,36,21,38,26,39,10,28,12,27,28,3,11,9,27,34,14,32,28,1,25,16
55,37,1,19,17,19,31,13,32,19,2,8,29,19,7,14,25,8,30,10,37,11,31,8,12,4,24,28,22,18,26,26,28,26,38,9,29,10,5,25,19,19,27,31,15,27,17,34,34,11,25
56,37,1,19,17,19,31,13,32,19,2,8,29,19,7,14,25,8,30,10,37,11,31,8,12,4,24,28,22,18,26,26,28,26,38,9,29,10,5,25,19,19,27,31,15,27,17,34,34,11,25
57,37,1,19,17,19,31,13,32,19,2,8,29,19,7,14,25,8,30,10,37,11,31,8,12,4,24,28,22,18,26,26,28,26,38,9,29,10,5,25,19,19,27,31,15,27,17,34,34,11,25
58,37,1,19,17,19,31,13,32,19,2,8,29,19,7,14,25,8,30,10,37,11,31,8,12,4,24,28,22,18,26,26,28,26,38,9,29,10,5,25,19,19,27,31,15,27,17,34,34,11,25
59,37,1,19,17,19,31,13,32,19,2,8,29,19,7,14,25,8,30,10,37,11,31,8,12,4,24,28,22,18,26,26,28,26,38,9,29,10,5,25,19,19,27,31,15,27,17,34,34,11,25
60,37,1,19,17,19,31,13,32,19,2,8,29,19,7,14,25,8,30,10,37,11,31,8,12,4,24,28,22,18,26,26,28,26,38,9,29,10,5,25,19,19,27,31,15,27,17,34,34,11,25
61,24,22,35,11,13,5,38,26,20,26,22,26,22,29,21,40,9,5,5,3,17,18,15,31,26,31,38,39,8,6,28,4,22,22,35,20,16,27,30,21,14,6,24,11,2,31,10,18,28,15
62,24,22,35,11,13,5,38,26,20,26,22,26,22,29,21,40,9,5,5,3,17,18,15,31,26,31,38,39,8,6,28,4,22,22,35,20,16,27,30,21,14,6,24,11,2,31,10,18,28,15
63,24,22,35,11,13,5,38,26,20,26,22,26,22,29,21,40,9,5,5,3,17,18,15,31,26,31,38,39,8,6,28,4,22,22,35,20,16,27,30,21,14,6,24,11,2,31,10,18,28,15
64,24,22,35,11,13,5,38,26,20,26,22,26,22,29,21,40,9,5,5,3,17,18,15,31,26,31,38,39,8,6,28,4,22,22,35,20,16,27,30,21,14,6,24,11,2,31,10,18,28,15
65,24,22,35,11,13,5,38,26,20,26,22,26,22,29,21,40,9,5,5,3,17,18,15,31,26,31,38,39,8,6,28,4,22,22,35,20,16,27,30,21,14,6,24,11,2,31,10,18,28,15
66,24,22,35,11,13,5,38,26,20,26,22,26,22,29,21,40,9,5,5,3,17,18,15,31,26,31,38,39,8,6,28,4,22,22,35,20,16,27,30,21,14,6,24,11,2,31,10,18,28,15
67,30,16,28,29,18,1,14,17,11,8,33,18,36,16,31,16,33,31,16,9,32,38,14,27,18,34,31,7,35,40,21,36,24,7,8,17,30,34,32,13,22,4,5,6,28,20,8,20,6,3
68,30,16,28,29,18,1,14,17,11,8,33,18,36,16,31,16,33,31,16,9,32,38,14,27,18,34,31,7,35,40,21,36,24,7,8,17,30,34,32,13,22,4,5,6,28,20,8,20,6,3
69,30,16,28,29,18,1,14,17,11,8,33,18,36,16,31,16,33,31,16,9,32,38,14,27,18,34,31,7,35,40,21,36,24,7,8,17,30,34,32,13,22,4,5,6,28,20,8,20,6,3
70,30,16,28,29,18,1,14,17,11,8,33,18,36,16,31,16,33,31,16,9,32,38,14,27,18,34,31,7,35,40,21,36,24,7,8,17,30,34,32,13,22,4,5,6,28,20,8,20,6,3
71,30,16,28,29,18,1,14,17,11,8,33,18,36,16,31,16,33,31,16,9,32,38,14,27,18,34,31,7,35,40,21,36,24,7,8,17,30,34,32,13,22,4,5,6,28,20,8,20,6,3
72,30,16,28,29,18,1,14,17,11,8,33,18,36,16,31,16,33,31,16,9,32,38,14,27,18,34,31,7,35,40,21,36,24,7,8,17,30,34,32,13,22,4,5,6,28,20,8,20,6,3
73,35,23,38,28,24,33,36,40,1,35,25,40,22,20,33,10,20,37,23,34,30,24,10,27,4,26,27,30,36,40,31,24,38,24,1,5,35,20,34,9,23,26,2,25,15,2,20,8,5,9
74,35,23,38,28,24,33,36,40,1,35,25,40,22,20,33,10,20,37,23,34,30,24,10,27,4,26,27,30,36,40,31,24,38,24,1,5,35,20,34,9,23,26,2,25,15,2,20,8,5,9
75,35,23,38,28,24,33,36,40,1,35,25,40,22,20,33,10,20,37,23,34,30,24,10,27,4,26,27,30,36,40,31,24,38,24,1,5,35,20,34,9,23,26,2,25,15,2,20,8,5,9
76,35,23,38,28,24,33,36,40,1,35,25,40,22,20,33,10,20,37,23,34,30,24,10,27,4,26,27,30,36,40,31,24,38,24,1,5,35,20,34,9,23,26,2,25,15,2,20,8,5,9
77,35,23,38,28,24,33,36,40,1,35,25,40,22,20,33,10,20,37,23,34,30,24,10,27,4,26,27,30,36,40,31,24,38,24,1,5,35,20,34,9,23,26,2,25,15,2,20,8,5,9
78,35,23,38,28,24,33,36,40,1,35,25,40,22,20,33,10,20,37,23,34,30,24,10,27,4,26,27,30,36,40,31,24,38,24,1,5,35,20,34,9,23,26,2,25,15,2,20,8,5,9
79,6,8,2,26,12,22,28,20,22,18,5,20,35,35,11,9,23,26,17,9,38,4,5,6,7,25,23,3,38,30,30,3,35,38,40,35,32,21,8,16,6,2,38,13,12,14,19,26,2,34
80,6,8,2,26,12,22,28,20,22,18,5,20,35,35,11,9,23,26,17,9,38,4,5,6,7,25,23,3,38,30,30,3,35,38,40,35,32,21,8,16,6,2,38,13,12,14,19,26,2,34
81,6,8,2,26,12,22,28,20,22,18,5,20,35,35,11,9,23,26,17,9,38,4,5,6,7,25,23,3,38,30,30,3,35,38,40,35,32,21,8,16,6,2,38,13,12,14,19,26,2,34
82,6,8,2,26,12,22,28,20,22,18,5,20,35,35,11,9,23,26,17,9,38,4,5,6,7,25,23,3,38,30,30,3,35,38,40,35,32,21,8,16,6,2,38,13,12,14,19,26,2,34
83,6,8,2,26,12,22,28,20,22,18,5,20,35,35,11,9,23,26,17,9,38,4,5,6,7,25,23,3,38,30,30,3,35,38,40,35,32,21,8,16,6,2,38,13,12,14,19,26,2,34
84,6,8,2,26,12,22,28,20,22,18,5,20,35,35,11,9,23,26,17,9,38,4,5,6,7,25,23,3,38,30,30,3,35,38,40,35,32,21,8,16,6,2,38,13,12,14,19,26,2,34
85,23,35,14,18,3,8,27,14,36,5,40,22,29,40,12,17,19,31,33,5,8,15,3,21,14,8,9,37,28,19,37,5,30,30,23,8,24,12,6,9,36,3,10,3,18,1,36,8,4,13
86,23,35,14,18,3,8,27,14,36,5,40,22,29,40,12,17,19,31,33,5,8,15,3,21,14,8,9,37,28,19,37,5,30,30,23,8,24,12,6,9,36,3,10,3,18,1,36,8,4,13
87,23,35,14,18,3,8,27,14,36,5,40,22,29,40,12,17,19,31,33,5,8,15,3,21,14,8,9,37,28,19,37,5,30,30,23,8,24,12,6,9,36,3,10,3,18,1,36,8,4,13
88,23,35,14,18,3,8,27,14,36,5,40,22,29,40,12,17,19,31,33,5,8,15,3,21,14,8,9,37,28,19,37,5,30,30,23,8,24,12,6,9,36,3,10,3,18,1,36,8,4,13
89,23,35,14,18,3,8,27,14,36,5,40,22,29,40,12,17,19,31,33,5,8,15,3,21,14,8,9,37,28,19,37,5,30,30,23,8,24,12,6,9,36,3,10,3,18,1,36,8,4,13
90,23,35,14,18,3,8,27,14,36,5,40,22,29,40,12,17,19,31,33,5,8,15,3,21,14,8,9,37,28,19,37,5,30,30,23,8,24,12,6,9,36,3,10,3,18,1,36,8,4,13
91,19,5,40,14,12,3,12,2,21,31,26,4,4,32,37,22,5,34,14,12,30,1,2,27,25,22,30,29,32,12,28,23,16,3,32,14,25,30,5,6,22,20,36,32,30,3,3,4,32,38
92,19,5,40,14,12,3,12,2,21,31,26,4,4,32,37,22,5,34,14,12,30,1,2,27,25,22,30,29,32,12,28,23,16,3,32,14,25,30,5,6,22,20,36,32,30,3,3,4,32,38
93,19,5,40,14,12,3,12,2,21,31,26,4,4,32,37,22,5,34,14,12,30,1,2,27,25,22,30,29,32,12,28,23,16,3,32,14,25,30,5,6,22,20,36,32,30,3,3,4,32,38
94,19,5,40,14,12,3,12,2,21,31,26,4,4,32,37,22,5,34,14,12,30,1,2,27,25,22,30,29,32,12,28,23,16,3,32,14,25,30,5,6,22,20,36,32,30,3,3,4,32,38
95,19,5,40,14,12,3,12,2,21,31,26,4,4,32,37,22,5,34,14,12,30,1,2,27,25,22,30,29,32,12,28,23,16,3,32,14,25,30,5,6,22,20,36,32,30,3,3,4,32,38
96,19,5,40,14,12,3,12,2,21,31,26,4,4,32,37,22,5,34,14,12,30,1,2,27,25,22,30,29,32,12,28,23,16,3,32,14,25,30,5,6,22,20,36,32,30,3,3,4,32,38
97,28,6,29,5,5,26,14,27,30,24,30,10,30,39,35,4,15,15,28,24,32,15,9,4,31,9,16,23,10,26,20,7,32,5,12,10,22,4,17,5,5,32,12,25,39,18,28,31,18,27
98,28,6,29,5,5,26,14,27,30,24,30,10,30,39,35,4,15,15,28,24,32,15,9,4,31,9,16,23,10,26,20,7,32,5,12,10,22,4,17,5,5,32,12,25,39,18,28,31,18,27
99,28,6,29,5,5,26,14,27,30,24,30,10,30,39,35,4,15,15,28,24,32,15,9,4,31,9,16,23,10,26,20,7,32,5,12,10,22,4,17,5,5,32,12,25,39,18,28,31,18,27
100,28,6,29,5,5,26,14,27,30,24,30,10,30,39,35,4,15,15,28,24,32,15,9,4,31,9,16,23,10,26,20,7,32,5,12,10,22,4,17,5,5,32,12,25,39,18,28,31,18,27
101,28,6,29,5,5,26,14,27,30,24,30,10,30,39,35,4,15,15,28,24,32,15,9,4,31,9,16,23,10,26,20,7,32,5,12,10,22,4,17,5,5,32,12,25,39,18,28,31,18,27
102,28,6,29,5,5,26,14,27,30,24,30,10,30,39,35,4,15,15,28,24,32,15,9,4,31,9,16,23,10,26,20,7,32,5,12,10,22,4,17,5,5,32,12,25,39,18,28,31,18,27
103,5,38,8,11,32,20,31,16,11,2,27,18,19,25,3,13,31,28,6,6,4,1,17,27,29,22,5,26,6,6,4,6,7,8,13,13,9,11,36,29,23,8,9,4,37,29,23,13,7,25
104,5,38,8,11,32,20,31,16,11,2,27,18,19,25,3,13,31,28,6,6,4,1,17,27,29,22,5,26,6,6,4,6,7,8,13,13,9,11,36,29,23,8,9,4,37,29,23,13,7,25
105,5,38,8,11,32,20,31,16,11,2,27,18,19,25,3,13,31,28,6,6,4,1,17,27,29,22,5,26,6,6,4,6,7,8,13,13,9,11,36,29,23,8,9,4,37,29,23,13,7,25
106,5,38,8,11,32,20,31,16,11,2,27,18,19,25,3,13,31,28,6,6,4,1,17,27,29,22,5,26,6,6,4,6,7,8,13,13,9,11,36,29,23,8,9,4,37,29,23,13,7,25
107,5,38,8,11,32,20,31,16,11,2,27,18,19,25,3,13,31,28,6,6,4,1,17,27,29,22,5,26,6,6,4,6,7,8,13,13,9,11,36,29,23,8,9,4,37,29,23,13,7,25
108,5,38,8,11,32,20,31,16,11,2,27,18,19,25,3,13,31,28,6,6,4,1,17,27,29,22,5,26,6,6,4,6,7,8,13,13,9,11,36,29,23,8,9,4,37,29,23,13,7,25
109,40,7,11,16,3,28,17,40,17,25,7,16,7,31,35,15,28,12,22,34,24,14,12,19,17,15,23,30,17,18,5,1,12,13,27,39,38,19,10,31,31,30,30,5,28,19,9,4,33,8
110,40,7,11,16,3,28,17,40,17,25,7,16,7,31,35,15,28,12,22,34,24,14,12,19,17,15,23,30,17,18,5,1,12,13,27,39,38,19,10,31,31,30,30,5,28,19,9,4,33,8
111,40,7,11,16,3,28,17,40,17,25,7,16,7,31,35,15,28,12,22,34,24,14,12,19,17,15,23,30,17,18,5,1,12,13,27,39,38,19,10,31,31,30,30,5,28,19,9,4,33,8
112,40,7,11,16,3,28,17,40,17,25,7,16,7,31,35,15,28,12,22,34,24,14,12,19,17,15,23,30,17,18,5,1,12,13,27,39,38,19,10,31,31,30,30,5,28,19,9,4,33,8
113,40,7,11,16,3,28,17,40,17,25,7,16,7,31,35,15,28,12,22,34,24,14,12,19,17,15,23,30,17,18,5,1,12,13,27,39,38,19,10,31,31,30,30,5,28,19,9,4,33,8
114,40,7,11,16,3,28,17,40,17,25,7,16,7,31,35,15,28,12,22,34,24,14,12,19,17,15,23,30,17,18,5,1,12,13,27,39,38,19,10,31,31,30,30,5,28,19,9,4,33,8
115,7,27,36,21,29,7,39,22,28,2,33,30,5,22,14,22,16,17,8,11,1,37,27,38,7,37,32,24,18,11,31,10,3,31,27,29,26,17,16,33,13,33,32,35,21,26,39,18,3,35
116,7,27,36,21,29,7,39,22,28,2,33,30,5,22,14,22,16,17,8,11,1,37,27,38,7,37,32,24,18,11,31,10,3,31,27,29,26,17,16,33,13,33,32,35,21,26,39,18,3,35
117,7,27,36,21,29,7,39,22,28,2,33,30,5,22,14,22,16,17,8,11,1,37,27,38,7,37,32,24,18,11,31,10,3,31,27,29,26,17,16,33,13,33,32,35,21,26,39,18,3,35
118,7,27,36,21,29,7,39,22,28,2,33,30,5,22,14,22,16,17,8,11,1,37,27,38,7,37,32,24,18,11,31,10,3,31,27,29,26,17,16,33,13,33,32,35,21,26,39,18,3,35
119,7,27,36,21,29,7,39,22,28,2,33,30,5,22,14,22,16,17,8,11,1,37,27,38,7,37,32,24,18,11,31,10,3,31,27,29,26,17,16,33,13,33,32,35,21,26,39,18,3,35
120,7,27,36,21,29,7,39,22,28,2,33,30,5,22,14,22,16,17,8,11,1,37,27,38,7,37,32,24,18,11,31,10,3,31,27,29,26,17,16,33,13,33,32,35,21,26,39,18,3,35
121,26,15,40,9,27,25,16,6,2,17,8,30,15,34,30,23,8,39,11,37,9,15,4,26,8,2,29,14,27,16,26,1,37,33,30,33,16,25,24,22,12,10,19,10,33,40,2,22,4,33
122,26,15,40,9,27,25,16,6,2,17,8,30,15,34,30,23,8,39,11,37,9,15,4,26,8,2,29,14,27,16,26,1,37,33,30,33,16,25,24,22,12,10,19,10,33,40,2,22,4,33
123,26,15,40,9,27,25,16,6,2,17,8,30,15,34,30,23,8,39,11,37,9,15,4,26,8,2,29,14,27,16,26,1,37,33,30,33,16,25,24,22,12,10,19,10,33,40,2,22,4,33
124,26,15,40,9,27,25,16,6,2,17,8,30,15,34,30,23,8,39,11,37,9,15,4,26,8,2,29,14,27,16,26,1,37,33,30,33,16,25,24,22,12,10,19,10,33,40,2,22,4,33
125,26,15,40,9,27,25,16,6,2,17,8,30,15,34,30,23,8,39,11,37,9,15,4,26,8,2,29,14,27,16,26,1,37,33,30,33,16,25,24,22,12,10,19,10,33,40,2,22,4,33
126,26,15,40,9,27,25,16,6,2,17,8,30,15,34,30,23,8,39,11,37,9,15,4,26,8,2,29,14,27,16,26,1,37,33,30,33,16,25,24,22,12,10,19,10,33,40,2,22,4,33
127,40,3,38,1,28,32,22,36,36,26,6,9,8,2,5,25,38,15,17,40,38,28,40,31,14,27,10,12,28,22,17,25,31,24,23,24,21,4,29,40,15,39,14,36,19,17,9,6,13,30
128,40,3,38,1,28,32,22,36,36,26,6,9,8,2,5,25,38,15,17,40,38,28,40,31,14,27,10,12,28,22,17,25,31,24,23,24,21,4,29,40,15,39,14,36,19,17,9,6,13,30
129,40,3,38,1,28,32,22,36,36,26,6,9,8,2,5,25,38,15,17,40,38,28,40,31,14,27,10,12,28,22,17,25,31,24,23,24,21,4,29,40,15,39,14,36,19,17,9,6,13,30
130,40,3,38,1,28,32,22,36,36,26,6,9,8,2,5,25,38,15,17,40,38,28,40,31,14,27,10,12,28,22,17,25,31,24,23,24,21,4,29,40,15,39,14,36,19,17,9,6,13,30
131,40,3,38,1,28,32,22,36,36,26,6,9,8,2,5,25,38,15,17,40,38,28,40,31,14,27,10,12,28,22,17,25,31,24,23,24,21,4,29,40,15,39,14,36,19,17,9,6,13,30
132,40,3,38,1,28,32,22,36,36,26,6,9,8,2,5,25,38,15,17,40,38,28,40,31,14,27,10,12,28,22,17,25,31,24,23,24,21,4,29,40,15,39,14,36,19,17,9,6,13,30
133,32,28,1,34,37,31,2,16,29,30,9,11,27,20,25,10,8,34,31,38,5,8,4,20,8,36,4,2,23,31,13,8,14,9,21,37,26,5,16,3,21,18,40,33,20,36,6,16,38,37
134,32,28,1,34,37,31,2,16,29,30,9,11,27,20,25,10,8,34,31,38,5,8,4,20,8,36,4,2,23,31,13,8,14,9,21,37,26,5,16,3,21,18,40,33,20,36,6,16,38,37
135,32,28,1,34,37,31,2,16,29,30,9,11,27,20,25,10,8,34,31,38,5,8,4,20,8,36,4,2,23,31,13,8,14,9,21,37,26,5,16,3,21,18,40,33,20,36,6,16,38,37
136,32,28,1,34,37,31,2,16,29,30,9,11,27,20,25,10,8,34,31,38,5,8,4,20,8,36,4,2,23,31,13,8,14,9,21,37,26,5,16,3,21,18,40,33,20,36,6,16,38,37
137,32,28,1,34,37,31,2,16,29,30,9,11,27,20,25,10,8,34,31,38,5,8,4,20,8,36,4,2,23,31,13,8,14,9,21,37,26,5,16,3,21,18,40,33,20,36,6,16,38,37
138,32,28,1,34,37,31,2,16,29,30,9,11,27,20,25,10,8,34,31,38,5,8,4,20,8,36,4,2,23,31,13,8,14,9,21,37,26,5,16,3,21,18,40,33,20,36,6,16,38,37
139,29,25,14,38,5,30,26,34,16,30,34,13,23,40,22,14,25,15,31,17,20,28,39,14,34,30,39,2,15,27,12,10,29,25,24,27,2,14,19,10,29,35,12,30,6,34,6,24,15,33
140,29,25,14,38,5,30,26,34,16,30,34,13,23,40,22,14,25,15,31,17,20,28,39,14,34,30,39,2,15,27,12,10,29,25,24,27,2,14,19,10,29,35,12,30,6,34,6,24,15,33
141,29,25,14,38,5,30,26,34,16,30,34,13,23,40,22,14,25,15,31,17,20,28,39,14,34,30,39,2,15,27,12,10,29,25,24,27,2,14,19,10,29,35,12,30,6,34,6,24,15,33
142,29,25,14,38,5,30,26,34,16,30,34,13,23,40,22,14,25,15,31,17,20,28,39,14,34,30,39,2,15,27,12,10,29,25,24,27,2,14,19,10,29,35,12,30,6,34,6,24,15,33
143,29,25,14,38,5,30,26,34,16,30,34,13,23,40,22,14,25,15,31,17,20,28,39,14,34,30,39,2,15,27,12,10,29,25,24,27,2,14,19,10,29,35,12,30,6,34,6,24,15,33
144,29,25,14,38,5,30,26,34,16,30,34,13,23,40,22,14,25,15,31,17,20,28,39,14,34,30,39,2,15,27,12,10,29,25,24,27,2,14,19,10,29,35,12,30,6,34,6,24,15,33
145,21,20,36,15,18,39,2,39,8,27,24,28,15,25,33,1,4,39,27,10,17,5,11,11,14,7,14,5,36,4,38,16,2,14,30,32,22,28,36,3,13,2,8,29,29,36,24,3,37,33
146,21,20,36,15,18,39,2,39,8,27,24,28,15,25,33,1,4,39,27,10,17,5,11,11,14,7,14,5,36,4,38,16,2,14,30,32,22,28,36,3,13,2,8,29,29,36,24,3,37,33
147,21,20,36,15,18,39,2,39,8,27,24,28,15,25,33,1,4,39,27,10,17,5,11,11,14,7,14,5,36,4,38,16,2,14,30,32,22,28,36,3,13,2,8,29,29,36,24,3,37,33
148,21,20,36,15,18,39,2,39,8,27,24,28,15,25,33,1,4,39,27,10,17,5,11,11,14,7,14,5,36,4,38,16,2,14,30,32,22,28,36,3,13,2,8,29,29,36,24,3,37,33
149,21,20,36,15,18,39,2,39,8,27,24,28,15,25,33,1,4,39,27,10,17,5,11,11,14,7,14,5,36,4,38,16,2,14,30,32,22,28,36,3,13,2,8,29,29,36,24,3,37,33
150,21,20,36,15,18,39,2,39,8,27,24,28,15,25,33,1,4,39,27,10,17,5,11,11,14,7,14,5,36,4,38,16,2,14,30,32,22,28,36,3,13,2,8,29,29,36,24,3,37,33
151,12,22,40,29,34,18,19,23,11,30,21,26,13,6,20,15,32,32,27,6,1,23,13,38,40,12,33,36,24,36,38,22,30,24,2,18,26,21,15,38,34,34,15,24,35,38,27,9,27,3
152,12,22,40,29,34,18,19,23,11,30,21,26,13,6,20,15,32,32,27,6,1,23,13,38,40,12,33,36,24,36,38,22,30,24,2,18,26,21,15,38,34,34,15,24,35,38,27,9,27,3
153,12,22,40,29,34,18,19,23,11,30,21,26,13,6,20,15,32,32,27,6,1,23,13,38,40,12,33,36,24,36,38,22,30,24,2,18,26,21,15,38,34,34,15,24,35,38,27,9,27,3
154,12,22,40,29,34,18,19,23,11,30,21,26,13,6,20,15,32,32,27,6,1,23,13,38,40,12,33,36,24,36,38,22,30,24,2,18,26,21,15,38,34,34,15,24,35,38,27,9,27,3
155,12,22,40,29,34,18,19,23,11,30,21,26,13,6,20,15,32,32,27,6,1,23,13,38,40,12,33,36,24,36,38,22,30,24,2,18,26,21,15,38,34,34,15,24,35,38,27,9,27,3
156,12,22,40,29,34,18,19,23,11,30,21,26,13,6,20,15,32,32,27,6,1,23,13,38,40,12,33,36,24,36,38,22,30,24,2,18,26,21,15,38,34,34,15,24,35,38,27,9,27,3
157,17,27,38,33,20,31,17,39,40,35,16,19,10,32,36,37,23,24,6,36,19,9,36,31,36,12,27,27,5,17,12,29,12,36,34,16,20,28,34,25,23,14,19,29,36,29,1,27,18,18
158,17,27,38,33,20,31,17,39,40,35,16,19,10,32,36,37,23,24,6,36,19,9,36,31,36,12,27,27,5,17,12,29,12,36,34,16,20,28,34,25,23,14,19,29,36,29,1,27,18,18
159,17,27,38,33,20,31,17,39,40,35,16,19,10,32,36,37,23,24,6,36,19,9,36,31,36,12,27,27,5,17,12,29,12,36,34,16,20,28,34,25,23,14,19,29,36,29,1,27,18,18
160,17,27,38,33,20,31,17,39,40,35,16,19,10,32,36,37,23,24,6,36,19,9,36,31,36,12,27,27,5,17,12,29,12,36,34,16,20,28,34,25,23,14,19,29,36,29,1,27,18,18
161,17,27,38,33,20,31,17,39,40,35,16,19,10,32,36,37,23,24,6,36,19,9,36,31,36,12,27,27,5,17,12,29,12,36,34,16,20,28,34,25,23,14,19,29,36,29,1,27,18,18
162,17,27,38,33,20,31,17,39,40,35,16,19,10,32,36,37,23,24,6,36,19,9,36,31,36,12,27,27,5,17,12,29,12,36,34,16,20,28,34,25,23,14,19,29,36,29,1,27,18,18
163,5,33,13,10,14,16,22,23,16,16,21,27,39,29,17,34,6,3,4,7,13,13,1,22,4,6,26,35,39,23,40,23,21,14,18,20,3,36,3,18,34,16,25,33,36,38,8,11,36,24
164,5,33,13,10,14,16,22,23,16,16,21,27,39,29,17,34,6,3,4,7,13,13,1,22,4,6,26,35,39,23,40,23,21,14,18,20,3,36,3,18,34,16,25,33,36,38,8,11,36,24
165,5,33,13,10,14,16,22,23,16,16,21,27,39,29,17,34,6,3,4,7,13,13,1,22,4,6,26,35,39,23,40,23,21,14,18,20,3,36,3,18,34,16,25,33,36,38,8,11,36,24
166,5,33,13,10,14,16,22,23,16,16,21,27,39,29,17,34,6,3,4,7,13,13,1,22,4,6,26,35,39,23,40,23,21,14,18,20,3,36,3,18,34,16,25,33,36,38,8,11,36,24
167,5,33,13,10,14,16,22,23,16,16,21,27,39,29,17,34,6,3,4,7,13,13,1,22,4,6,26,35,39,23,40,23,21,14,18,20,3,36,3,18,34,16,25,33,36,38,8,11,36,24
168,5,33,13,10,14,16,22,23,16,16,21,27,39,29,17,34,6,3,4,7,13,13,1,22,4,6,26,35,39,23,40,23,21,14,18,20,3,36,3,18,34,16,25,33,36,38,8,11,36,24
169,21,25,33,22,9,19,18,39,25,28,29,14,21,23,7,23,28,18,34,30,15,19,16,32,30,18,28,38,32,29,5,16,24,19,3,10,34,1,35,4,27,21,9,23,5,27,24,3,3,7
170,21,25,33,22,9,19,18,39,25,28,29,14,21,23,7,23,28,18,34,30,15,19,16,32,30,18,28,38,32,29,5,16,24,19,3,10,34,1,35,4,27,21,9,23,5,27,24,3,3,7
171,21,25,33,22,9,19,18,39,25,28,29,14,21,23,7,23,28,18,34,30,15,19,16,32,30,18,28,38,32,29,5,16,24,19,3,10,34,1,35,4,27,21,9,23,5,27,24,3,3,7
172,21,25,33,22,9,19,18,39,25,28,29,14,21,23,7,23,28,18,34,30,15,19,16,32,30,18,28,38,32,29,5,16,24,19,3,10,34,1,35,4,27,21,9,23,5,27,24,3,3,7
173,21,25,33,22,9,19,18,39,25,28,29,14,21,23,7,23,28,18,34,30,15,19,16,32,30,18,28,38,32,29,5,16,24,19,3,10,34,1,35,4,27,21,9,23,5,27,24,3,3,7
174,21,25,33,22,9,19,18,39,25,28,29,14,21,23,7,23,28,18,34,30,15,19,16,32,30,18,28,38,32,29,5,16,24,19,3,10,34,1,35,4,27,21,9,23,5,27,24,3,3,7
175,1,18,34,25,21,35,4,37,5,21,6,23,1,31,34,37,40,21,11,5,21,24,31,4,27,21,7,38,24,18,38,27,19,34,22,23,28,15,10,24,35,17,5,18,13,17,34,17,16,15
176,1,18,34,25,21,35,4,37,5,21,6,23,1,31,34,37,40,21,11,5,21,24,31,4,27,21,7,38,24,18,38,27,19,34,22,23,28,15,10,24,35,17,5,18,13,17,34,17,16,15
177,1,18,34,25,21,35,4,37,5,21,6,23,1,31,34,37,40,21,11,5,21,24,31,4,27,21,7,38,24,18,38,27,19,34,22,23,28,15,10,24,35,17,5,18,13,17,34,17,16,15
178,1,18,34,25,21,35,4,37,5,21,6,23,1,31,34,37,40,21,11,5,21,24,31,4,27,21,7,38,24,18,38,27,19,34,22,23,28,15,10,24,35,17,5,18,13,17,34,17,16,15
179,1,18,34,25,21,35,4,37,5,21,6,23,1,31,34,37,40,21,11,5,21,24,31,4,27,21,7,38,24,18,38,27,19,34,22,23,28,15,10,24,35,17,5,18,13,17,34,17,16,15
180,1,18,34,25,21,35,4,37,5,21,6,23,1,31,34,37,40,21,11,5,21,24,31,4,27,21,7,38,24,18,38,27,19,34,22,23,28,15,10,24,35,17,5,18,13,17,34,17,16,15
181,6,11,4,18,11,12,17,5,20,29,10,32,3,16,1,9,1,8,6,11,7,6,24,37,38,9,20,16,21,11,3,18,7,2,39,18,39,31,1,28,29,26,23,9,31,10,15,36,35,17
182,6,11,4,18,11,12,17,5,20,29,10,32,3,16,1,9,1,8,6,11,7,6,24,37,38,9,20,16,21,11,3,18,7,2,39,18,39,31,1,28,29,26,23,9,31,10,15,36,35,17
183,6,11,4,18,11,12,17,5,20,29,10,32,3,16,1,9,1,8,6,11,7,6,24,37,38,9,20,16,21,11,3,18,7,2,39,18,39,31,1,28,29,26,23,9,31,10,15,36,35,17
184,6,11,4,18,11,12,17,5,20,29,10,32,3,16,1,9,1,8,6,11,7,6,24,37,38,9,20,16,21,11,3,18,7,2,39,18,39,31,1,28,29,26,23,9,31,10,15,36,35,17
185,6,11,4,18,11,12,17,5,20,29,10,32,3,16,1,9,1,8,6,11,7,6,24,37,38,9,20,16,21,11,3,18,7,2,39,18,39,31,1,28,29,26,23,9,31,10,15,36,35,17
186,6,11,4,18,11,12,17,5,20,29,10,32,3,16,1,9,1,8,6,11,7,6,24,37,38,9,20,16,21,11,3,18,7,2,39,18,39,31,1,28,29,26,23,9,31,10,15,36,35,17
187,13,25,37,37,24,14,35,18,37,2,22,29,8,14,8,13,17,22,2,23,11,10,10,7,39,38,33,30,8,15,8,1,13,28,26,22,18,12,21,31,31,24,30,26,5,21,14,4,6,8
188,13,25,37,37,24,14,35,18,37,2,22,29,8,14,8,13,17,22,2,23,11,10,10,7,39,38,33,30,8,15,8,1,13,28,26,22,18,12,21,31,31,24,30,26,5,21,14,4,6,8
189,13,25,37,37,24,14,35,18,37,2,22,29,8,14,8,13,17,22,2,23,11,10,10,7,39,38,33,30,8,15,8,1,13,28,26,22,18,12,21,31,31,24,30,26,5,21,14,4,6,8
190,13,25,37,37,24,14,35,18,37,2,22,29,8,14,8,13,17,22,2,23,11,10,10,7,39,38,33,30,8,15,8,1,13,28,26,22,18,12,21,31,31,24,30,26,5,21,14,4,6,8
191,13,25,37,37,24,14,35,18,37,2,22,29,8,14,8,13,17,22,2,23,11,10,10,7,39,38,33,30,8,15,8,1,13,28,26,22,18,12,21,31,31,24,30,26,5,21,14,4,6,8
192,13,25,37,37,24,14,35,18,37,2,22,29,8,14,8,13,17,22,2,23,11,10,10,7,39,38,33,30,8,15,8,1,13,28,26,22,18,12,21,31,31,24,30,26,5,21,14,4,6,8
193,27,18,28,11,1,22,12,38,37,16,1,27,34,39,3,19,24,28,29,27,30,15,24,5,3,40,12,24,39,8,8,14,38,16,11,7,16,15,6,18,4,25,1,23,32,10,18,23,3,20
194,27,18,28,11,1,22,12,38,37,16,1,27,34,39,3,19,24,28,29,27,30,15,24,5,3,40,12,24,39,8,8,14,38,16,11,7,16,15,6,18,4,25,1,23,32,10,18,23,3,20
195,27,18,28,11,1,22,12,38,37,16,1,27,34,39,3,19,24,28,29,27,30,15,24,5,3,40,12,24,39,8,8,14,38,16,11,7,16,15,6,18,4,25,1,23,32,10,18,23,3,20
196,27,18,28,11,1,22,12,38,37,16,1,27,34,39,3,19,24,28,29,27,30,15,24,5,3,40,12,24,39,8,8,14,38,16,11,7,16,15,6,18,4,25,1,23,32,10,18,23,3,20
197,27,18,28,11,1,22,12,38,37,16,1,27,34,39,3,19,24,28,29,27,30,15,24,5,3,40,12,24,39,8,8,14,38,16,11,7,16,15,6,18,4,25,1,23,32,10,18,23,3,20
198,27,18,28,11,1,22,12,38,37,16,1,27,34,39,3,19,24,28,29,27,30,15,24,5,3,40,12,24,39,8,8,14,38,16,11,7,16,15,6,18,4,25,1,23,32,10,18,23,3,20
199,26,9,34,39,34,21,12,30,10,39,25,25,7,4,11,35,37,28,30,10,24,33,17,40,4,13,21,3,30,23,22,34,35,32,13,19,31,5,5,11,21,39,29,13,12,35,37,26,11,4
200,26,9,34,39,34,21,12,30,10,39,25,25,7,4,11,35,37,28,30,10,24,33,17,40,4,13,21,3,30,23,22,34,35,32,13,19,31,5,5,11,21,39,29,13,12,35,37,26,11,4
201,26,9,34,39,34,21,12,30,10,39,25,25,7,4,11,35,37,28,30,10,24,33,17,40,4,13,21,3,30,23,22,34,35,32,13,19,31,5,5,11,21,39,29,13,12,35,37,26,11,4
202,26,9,34,39,34,21,12,30,10,39,25,25,7,4,11,35,37,28,30,10,24,33,17,40,4,13,21,3,30,23,22,34,35,32,13,19,31,5,5,11,21,39,29,13,12,35,37,26,11,4
203,26,9,34,39,34,21,12,30,10,39,25,25,7,4,11,35,37,28,30,10,24,33,17,40,4,13,21,3,30,23,22,34,35,32,13,19,31,5,5,11,21,39,29,13,12,35,37,26,11,4
204,26,9,34,39,34,21,12,30,10,39,25,25,7,4,11,35,37,28,30,10,24,33,17,40,4,13,21,3,30,23,22,34,35,32,13,19,31,5,5,11,21,39,29,13,12,35,37,26,11,4
205,34,24,38,3,24,12,34,8,18,16,34,28,9,13,6,27,23,7,6,20,37,23,2,3,33,19,16,32,15,22,29,35,14,27,39,4,24,17,13,11,31,40,8,32,8,40,33,17,30,20
206,34,24,38,3,24,12,34,8,18,16,34,28,9,13,6,27,23,7,6,20,37,23,2,3,33,19,16,32,15,22,29,35,14,27,39,4,24,17,13,11,31,40,8,32,8,40,33,17,30,20
207,34,24,38,3,24,12,34,8,18,16,34,28,9,13,6,27,23,7,6,20,37,23,2,3,33,19,16,32,15,22,29,35,14,27,39,4,24,17,13,11,31,40,8,32,8,40,33,17,30,20
208,34,24,38,3,24,12,34,8,18,16,34,28,9,13,6,27,23,7,6,20,37,23,2,3,33,19,16,32,15,22,29,35,14,27,39,4,24,17,13,11,31,40,8,32,8,40,33,17,30,20
209,34,24,38,3,24,12,34,8,18,16,34,28,9,13,6,27,23,7,6,20,37,23,2,3,33,19,16,32,15,22,29,35,14,27,39,4,24,17,13,11,31,40,8,32,8,40,33,17,30,20
210,34,24,38,3,24,12,34,8,18,16,34,28,9,13,6,27,23,7,6,20,37,23,2,3,33,19,16,32,15,22,29,35,14,27,39,4,24,17,13,11,31,40,8,32,8,40,33,17,30,20
211,33,15,3,24,37,8,18,30,2,38,31,23,8,20,21,40,35,39,28,17,38,20,10,16,29,23,31,40,39,22,39,5,3,13,24,22,37,22,18,22,29,1,33,6,20,11,15,27,7,12
212,33,15,3,24,37,8,18,30,2,38,31,23,8,20,21,40,35,39,28,17,38,20,10,16,29,23,31,40,39,22,39,5,3,13,24,22,37,22,18,22,29,1,33,6,20,11,15,27,7,12
213,33,15,3,24,37,8,18,30,2,38,31,23,8,20,21,40,35,39,28,17,38,20,10,16,29,23,31,40,39,22,39,5,3,13,24,22,37,22,18,22,29,1,33,6,20,11,15,27,7,12
214,33,15,3,24,37,8,18,30,2,38,31,23,8,20,21,40,35,39,28,17,38,20,10,16,29,23,31,40,39,22,39,5,3,13,24,22,37,22,18,22,29,1,33,6,20,11,15,27,7,12
215,33,15,3,24,37,8,18,30,2,38,31,23,8,20,21,40,35,39,28,17,38,20,10,16,29,23,31,40,39,22,39,5,3,13,24,22,37,22,18,22,29,1,33,6,20,11,15,27,7,12
216,33,15,3,24,37,8,18,30,2,38,31,23,8,20,21,40,35,39,28,17,38,20,10,16,29,23,31,40,39,22,39,5,3,13,24,22,37,22,18,22,29,1,33,6,20,11,15,27,7,12
217,8,8,14,36,19,17,8,39,17,34,25,16,36,32,19,33,36,18,14,24,37,29,16,30,39,22,22,13,3,8,4,19,1,37,26,1,2,9,19,6,1,30,15,32,18,18,2,2,4,24
218,8,8,14,36,19,17,8,39,17,34,25,16,36,32,19,33,36,18,14,24,37,29,16,30,39,22,22,13,3,8,4,19,1,37,26,1,2,9,19,6,1,30,15,32,18,18,2,2,4,24
219,8,8,14,36,19,17,8,39,17,34,25,16,36,32,19,33,36,18,14,24,37,29,16,30,39,22,22,13,3,8,4,19,1,37,26,1,2,9,19,6,1,30,15,32,18,18,2,2,4,24
220,8,8,14,36,19,17,8,39,17,34,25,16,36,32,19,33,36,18,14,24,37,29,16,30,39,22,22,13,3,8,4,19,1,37,26,1,2,9,19,6,1,30,15,32,18,18,2,2,4,24
221,8,8,14,36,19,17,8,39,17,34,25,16,36,32,19,33,36,18,14,24,37,29,16,30,39,22,22,13,3,8,4,19,1,37,26,1,2,9,19,6,1,30,15,32,18,18,2,2,4,24
222,8,8,14,36,19,17,8,39,17,34,25,16,36,32,19,33,36,18,14,24,37,29,16,30,39,22,22,13,3,8,4,19,1,37,26,1,2,9,19,6,1,30,15,32,18,18,2,2,4,24
223,10,34,35,39,20,9,10,22,31,14,19,26,37,7,29,24,18,36,16,8,26,25,14,33,40,40,6,10,1,25,5,17,36,22,15,9,18,39,5,19,35,2,28,40,12,6,28,37,25,36
224,10,34,35,39,20,9,10,22,31,14,19,26,37,7,29,24,18,36,16,8,26,25,14,33,40,40,6,10,1,25,5,17,36,22,15,9,18,39,5,19,35,2,28,40,12,6,28,37,25,36
225,10,34,35,39,20,9,10,22,31,14,19,26,37,7,29,24,18,36,16,8,26,25,14,33,40,40,6,10,1,25,5,17,36,22,15,9,18,39,5,19,35,2,28,40,12,6,28,37,25,36
226,10,34,35,39,20,9,10,22,31,14,19,26,37,7,29,24,18,36,16,8,26,25,14,33,40,40,6,10,1,25,5,17,36,22,15,9,18,39,5,19,35,2,28,40,12,6,28,37,25,36
227,10,34,35,39,20,9,10,22,31,14,19,26,37,7,29,24,18,36,16,8,26,25,14,33,40,40,6,10,1,25,5,17,36,22,15,9,18,39,5,19,35,2,28,40,12,6,28,37,25,36
228,10,34,35,39,20,9,10,22,31,14,19,26,37,7,29,24,18,36,16,8,26,25,14,33,40,40,6,10,1,25,5,17,36,22,15,9,18,39,5,19,35,2,28,40,12,6,28,37,25,36
229,8,31,14,17,7,33,25,30,33,3,39,20,31,30,34,7,19,25,38,34,36,24,24,35,2,36,17,2,30,7,6,25,11,13,17,17,16,25,7,8,4,13,31,10,30,28,33,34,12,13
230,8,31,14,17,7,33,25,30,33,3,39,20,31,30,34,7,19,25,38,34,36,24,24,35,2,36,17,2,30,7,6,25,11,13,17,17,16,25,7,8,4,13,31,10,30,28,33,34,12,13
231,8,31,14,17,7,33,25,30,33,3,39,20,31,30,34,7,19,25,38,34,36,24,24,35,2,36,17,2,30,7,6,25,11,13,17,17,16,25,7,8,4,13,31,10,30,28,33,34,12,13
232,8,31,14,17,7,33,25,30,33,3,39,20,31,30,34,7,19,25,38,34,36,24,24,35,2,36,17,2,30,7,6,25,11,13,17,17,16,25,7,8,4,13,31,10,30,28,33,34,12,13
233,8,31,14,17,7,33,25,30,33,3,39,20,31,30,34,7,19,25,38,34,36,24,24,35,2,36,17,2,30,7,6,25,11,13,17,17,16,25,7,8,4,13,31,10,30,28,33,34,12,13
234,8,31,14,17,7,33,25,30,33,3,39,20,31,30,34,7,19,25,38,34,36,24,24,35,2,36,17,2,30,7,6,25,11,13,17,17,16,25,7,8,4,13,31,10,30,28,33,34,12,13
235,21,14,34,33,23,11,28,10,19,16,22,40,31,40,10,22,3,31,25,35,40,38,17,1,22,9,9,14,4,30,30,22,14,34,23,39,36,15,22,14,25,32,30,6,33,2,17,30,32,15
236,21,14,34,33,23,11,28,10,19,16,22,40,31,40,10,22,3,31,25,35,40,38,17,1,22,9,9,14,4,30,30,22,14,34,23,39,36,15,22,14,25,32,30,6,33,2,17,30,32,15
237,21,14,34,33,23,11,28,10,19,16,22,40,31,40,10,22,3,31,25,35,40,38,17,1,22,9,9,14,4,30,30,22,14,34,23,39,36,15,22,14,25,32,30,6,33,2,17,30,32,15
238,21,14,34,33,23,11,28,10,19,16,22,40,31,40,10,22,3,31,25,35,40,38,17,1,22,9,9,14,4,30,30,22,14,34,23,39,36,15,22,14,25,32,30,6,33,2,17,30,32,15
239,21,14,34,33,23,11,28,10,19,16,22,40,31,40,10,22,3,31,25,35,40,38,17,1,22,9,9,14,4,30,30,22,14,34,23,39,36,15,22,14,25,32,30,6,33,2,17,30,32,15
240,21,14,34,33,23,11,28,10,19,16,22,40,31,40,10,22,3,31,25,35,40,38,17,1,22,9,9,14,4,30,30,22,14,34,23,39,36,15,22,14,25,32,30,6,33,2,17,30,32,15
241,30,36,10,6,10,15,12,38,3,24,7,34,7,21,40,15,2,9,16,14,10,38,28,39,18,38,1,25,33,10,38,31,34,23,32,14,9,13,24,34,12,17,35,25,40,9,34,28,10,20
242,30,36,10,6,10,15,12,38,3,24,7,34,7,21,40,15,2,9,16,14,10,38,28,39,18,38,1,25,33,10,38,31,34,23,32,14,9,13,24,34,12,17,35,25,40,9,34,28,10,20
243,30,36,10,6,10,15,12,38,3,24,7,34,7,21,40,15,2,9,16,14,10,38,28,39,18,38,1,25,33,10,38,31,34,23,32,14,9,13,24,34,12,17,35,25,40,9,34,28,10,20
244,30,36,10,6,10,15,12,38,3,24,7,34,7,21,40,15,2,9,16,14,10,38,28,39,18,38,1,25,33,10,38,31,34,23,32,14,9,13,24,34,12,17,35,25,40,9,34,28,10,20
245,30,36,10,6,10,15,12,38,3,24,7,34,7,21,40,15,2,9,16,14,10,38,28,39,18,38,1,25,33,10,38,31,34,23,32,14,9,13,24,34,12,17,35,25,40,9,34,28,10,20
246,30,36,10,6,10,15,12,38,3,24,7,34,7,21,40,15,2,9,16,14,10,38,28,39,18,38,1,25,33,10,38,31,34,23,32,14,9,13,24,34,12,17,35,25,40,9,34,28,10,20
247,16,24,33,5,33,34,15,18,23,29,30,31,16,18,39,23,34,12,25,24,39,4,21,21,4,37,36,18,32,6,25,11,18,34,8,13,20,14,32,40,7,10,29,16,39,39,26,35,17,26
248,16,24,33,5,33,34,15,18,23,29,30,31,16,18,39,23,34,12,25,24,39,4,21,21,4,37,36,18,32,6,25,11,18,34,8,13,20,14,32,40,7,10,29,16,39,39,26,35,17,26
249,16,24,33,5,33,34,15,18,23,29,30,31,16,18,39,23,34,12,25,24,39,4,21,21,4,37,36,18,32,6,25,11,18,34,8,13,20,14,32,40,7,10,29,16,39,39,26,35,17,26
250,16,24,33,5,33,34,15,18,23,29,30,31,16,18,39,23,34,12,25,24,39,4,21,21,4,37,36,18,32,6,25,11,18,34,8,13,20,14,32,40,7,10,29,16,39,39,26,35,17,26
251,16,24,33,5,33,34,15,18,23,29,30,31,16,18,39,23,34,12,25,24,39,4,21,21,4,37,36,18,32,6,25,11,18,34,8,13,20,14,32,40,7,10,29,16,39,39,26,35,17,26
252,16,24,33,5,33,34,15,18,23,29,30,31,16,18,39,23,34,12,25,24,39,4,21,21,4,37,36,18,32,6,25,11,18,34,8,13,20,14,32,40,7,10,29,16,39,39,26,35,17,26
253,40,23,38,29,20,26,36,8,16,40,17,27,37,40,27,5,2,25,23,39,30,27,21,11,39,22,2,28,21,3,36,14,10,5,13,10,27,3,12,12,36,18,31,25,32,5,40,34,3,19
254,40,23,38,29,20,26,36,8,16,40,17,27,37,40,27,5,2,25,23,39,30,27,21,11,39,22,2,28,21,3,36,14,10,5,13,10,27,3,12,12,36,18,31,25,32,5,40,34,3,19
255,40,23,38,29,20,26,36,8,16,40,17,27,37,40,27,5,2,25,23,39,30,27,21,11,39,22,2,28,21,3,36,14,10,5,13,10,27,3,12,12,36,18,31,25,32,5,40,34,3,19
256,40,23,38,29,20,26,36,8,16,40,17,27,37,40,27,5,2,25,23,39,30,27,21,11,39,22,2,28,21,3,36,14,10,5,13,10,27,3,12,12,36,18,31,25,32,5,40,34,3,19
257,40,23,38,29,20,26,36,8,16,40,17,27,37,40,27,5,2,25,23,39,30,27,21,11,39,22,2,28,21,3,36,14,10,5,13,10,27,3,12,12,36,18,31,25,32,5,40,34,3,19
258,40,23,38,29,20,26,36,8,16,40,17,27,37,40,27,5,2,25,23,39,30,27,21,11,39,22,2,28,21,3,36,14,10,5,13,10,27,3,12,12,36,18,31,25,32,5,40,34,3,19
259,14,26,10,24,25,24,18,2,21,17,5,19,19,23,33,29,35,3,9,19,39,32,19,14,3,30,21,8,18,7,31,15,38,1,34,26,22,27,30,4,36,1,12,8,38,3,24,26,27,35
260,14,26,10,24,25,24,18,2,21,17,5,19,19,23,33,29,35,3,9,19,39,32,19,14,3,30,21,8,18,7,31,15,38,1,34,26,22,27,30,4,36,1,12,8,38,3,24,26,27,35
261,14,26,10,24,25,24,18,2,21,17,5,19,19,23,33,29,35,3,9,19,39,32,19,14,3,30,21,8,18,7,31,15,38,1,34,26,22,27,30,4,36,1,12,8,38,3,24,26,27,35
262,14,26,10,24,25,24,18,2,21,17,5,19,19,23,33,29,35,3,9,19,39,32,19,14,3,30,21,8,18,7,31,15,38,1,34,26,22,27,30,4,36,1,12,8,38,3,24,26,27,35
263,14,26,10,24,25,24,18,2,21,17,5,19,19,23,33,29,35,3,9,19,39,32,19,14,3,30,21,8,18,7,31,15,38,1,34,26,22,27,30,4,36,1,12,8,38,3,24,26,27,35
264,14,26,10,24,25,24,18,2,21,17,5,19,19,23,33,29,35,3,9,19,39,32,19,14,3,30,21,8,18,7,31,15,38,1,34,26,22,27,30,4,36,1,12,8,38,3,24,26,27,35
265,3,33,22,28,9,22,29,39,18,4,3,26,32,28,14,38,21,39,3,9,32,37,32,12,7,34,32,11,10,13,34,33,23,23,12,28,32,18,18,19,12,28,37,37,30,11,28,6,5,8
266,3,33,22,28,9,22,29,39,18,4,3,26,32,28,14,38,21,39,3,9,32,37,32,12,7,34,32,11,10,13,34,33,23,23,12,28,32,18,18,19,12,28,37,37,30,11,28,6,5,8
267,3,33,22,28,9,22,29,39,18,4,3,26,32,28,14,38,21,39,3,9,32,37,32,12,7,34,32,11,10,13,34,33,23,23,12,28,32,18,18,19,12,28,37,37,30,11,28,6,5,8
268,3,33,22,28,9,22,29,39,18,4,3,26,32,28,14,38,21,39,3,9,32,37,32,12,7,34,32,11,10,13,34,33,23,23,12,28,32,18,18,19,12,28,37,37,30,11,28,6,5,8
269,3,33,22,28,9,22,29,39,18,4,3,26,32,28,14,38,21,39,3,9,32,37,32,12,7,34,32,11,10,13,34,33,23,23,12,28,32,18,18,19,12,28,37,37,30,11,28,6,5,8
270,3,33,22,28,9,22,29,39,18,4,3,26,32,28,14,38,21,39,3,9,32,37,32,12,7,34,32,11,10,13,34,33,23,23,12,28,32,18,18,19,12,28,37,37,30,11,28,6,5,8
271,6,24,3,33,29,38,20,27,36,22,12,40,2,14,39,15,13,5,37,6,14,36,20,25,24,28,2,22,2,34,14,34,10,24,38,2,3,1,28,24,5,32,25,3,3,6,32,4,10,10
272,6,24,3,33,29,38,20,27,36,22,12,40,2,14,39,15,13,5,37,6,14,36,20,25,24,28,2,22,2,34,14,34,10,24,38,2,3,1,28,24,5,32,25,3,3,6,32,4,10,10
273,6,24,3,33,29,38,20,27,36,22,12,40,2,14,39,15,13,5,37,6,14,36,20,25,24,28,2,22,2,34,14,34,10,24,38,2,3,1,28,24,5,32,25,3,3,6,32,4,10,10
274,6,24,3,33,29,38,20,27,36,22,12,40,2,14,39,15,13,5,37,6,14,36,20,25,24,28,2,22,2,34,14,34,10,24,38,2,3,1,28,24,5,32,25,3,3,6,32,4,10,10
275,6,24,3,33,29,38,20,27,36,22,12,40,2,14,39,15,13,5,37,6,14,36,20,25,24,28,2,22,2,34,14,34,10,24,38,2,3,1,28,24,5,32,25,3,3,6,32,4,10,10
276,6,24,3,33,29,38,20,27,36,22,12,40,2,14,39,15,13,5,37,6,14,36,20,25,24,28,2,22,2,34,14,34,10,24,38,2,3,1,28,24,5,32,25,3,3,6,32,4,10,10
277,5,35,28,30,27,21,14,27,5,6,1,39,39,5,19,27,12,31,23,18,11,31,36,30,17,38,11,22,39,11,11,38,3,12,24,9,26,32,21,27,32,10,25,5,21,34,37,20,12,27
278,5,35,28,30,27,21,14,27,5,6,1,39,39,5,19,27,12,31,23,18,11,31,36,30,17,38,11,22,39,11,11,38,3,12,24,9,26,32,21,27,32,10,25,5,21,34,37,20,12,27
279,5,35,28,30,27,21,14,27,5,6,1,39,39,5,19,27,12,31,23,18,11,31,36,30,17,38,11,22,39,11,11,38,3,12,24,9,26,32,21,27,32,10,25,5,21,34,37,20,12,27
280,5,35,28,30,27,21,14,27,5,6,1,39,39,5,19,27,12,31,23,18,11,31,36,30,17,38,11,22,39,11,11,38,3,12,24,9,26,32,21,27,32,10,25,5,21,34,37,20,12,27
281,5,35,28,30,27,21,14,27,5,6,1,39,39,5,19,27,12,31,23,18,11,31,36,30,17,38,11,22,39,11,11,38,3,12,24,9,26,32,21,27,32,10,25,5,21,34,37,20,12,27
282,5,35,28,30,27,21,14,27,5,6,1,39,39,5,19,27,12,31,23,18,11,31,36,30,17,38,11,22,39,11,11,38,3,12,24,9,26,32,21,27,32,10,25,5,21,34,37,20,12,27
283,37,21,39,8,5,12,16,17,13,28,4,17,12,13,5,24,12,7,1,12,23,35,2,37,6,34,33,37,6,21,17,7,24,25,9,21,40,20,28,17,2,12,33,14,4,21,15,30,21,33
284,37,21,39,8,5,12,16,17,13,28,4,17,12,13,5,24,12,7,1,12,23,35,2,37,6,34,33,37,6,21,17,7,24,25,9,21,40,20,28,17,2,12,33,14,4,21,15,30,21,33
285,37,21,39,8,5,12,16,17,13,28,4,17,12,13,5,24,12,7,1,12,23,35,2,37,6,34,33,37,6,21,17,7,24,25,9,21,40,20,28,17,2,12,33,14,4,21,15,30,21,33
286,37,21,39,8,5,12,16,17,13,28,4,17,12,13,5,24,12,7,1,12,23,35,2,37,6,34,33,37,6,21,17,7,24,25,9,21,40,20,28,17,2,12,33,14,4,21,15,30,21,33
287,37,21,39,8,5,12,16,17,13,28,4,17,12,13,5,24,12,7,1,12,23,35,2,37,6,34,33,37,6,21,17,7,24,25,9,21,40,20,28,17,2,12,33,14,4,21,15,30,21,33
288,37,21,39,8,5,12,16,17,13,28,4,17,12,13,5,24,12,7,1,12,23,35,2,37,6,34,33,37,6,21,17,7,24,25,9,21,40,20,28,17,2,12,33,14,4,21,15,30,21,33
